staff,Asdfghjkl1!,04/09/2019, 02:18:11
staff,qwerty1234,04/09/2019, 02:18:20
client1,qwerty1234,04/09/2019, 02:18:37
client1,qwerty1234,04/09/2019, 02:19:19
staff,qwerty1234,04/09/2019, 02:22:34
manager,qwerty1234,04/09/2019, 02:23:33
staff,qwerty1234,04/09/2019, 02:24:16
manager,qwerty1234,04/09/2019, 02:24:57
staff,qwerty1234,04/09/2019, 02:30:35
staff,qwerty1234,04/09/2019, 02:31:46
client1,qwerty1234,04/09/2019, 02:31:56
staff,qwerty1234,04/09/2019, 02:32:08
staff,qwerty1234,04/09/2019, 02:33:26
staff,qwerty1234,04/09/2019, 02:33:35
admin,qwerty1234,04/09/2019, 02:33:48
staff,qwerty1234,04/09/2019, 02:33:56
client1,qwerty1234,04/09/2019, 02:34:20
client2,qwerty1234,04/09/2019, 02:34:29
manager,qwerty1234,04/09/2019, 02:36:18
client1,qwerty1234,04/09/2019, 02:38:12
client2,qwerty1234,04/09/2019, 02:38:27
client2,qwerty1234,04/09/2019, 02:38:36
client1,qwerty1234,04/09/2019, 02:38:46
staff,qwerty1234,04/09/2019, 02:39:07
admin,qwerty1234,04/09/2019, 02:39:22
admin,qwerty1234,04/09/2019, 02:39:31
admin,qwerty1234,04/09/2019, 14:21:27
admin,qwerty1234,04/09/2019, 14:21:48
admin,qwerty1234,04/09/2019, 14:23:02
admin,yeb,04/09/2019, 14:26:44
admin,qwerty1234,04/09/2019, 14:26:51
admin,qwerty1234,04/09/2019, 14:29:15
admin,huhs,04/09/2019, 14:29:28
admin,ubsdbab,04/09/2019, 14:29:35
admin,qwerty,04/09/2019, 14:30:26
admin,qwerty,04/09/2019, 14:32:14
admin,,04/09/2019, 14:33:21
admin,u,04/09/2019, 14:35:13
admin,qwerty1234,04/09/2019, 14:35:20
